Alpha,Beta,Rho,pBest,CMSA probability,Best at iteration,Best length,Deviation,Success rate,Commonality with CMSA
1.00,5.00,0.80,0.05,0.00,0,39.00,0.000000,100.00,75.000000
1.00,5.00,0.80,0.05,0.25,0,39.00,0.000000,100.00,81.250000
1.00,5.00,0.80,0.05,0.50,0,39.00,0.000000,100.00,75.000000
1.00,5.00,0.80,0.05,0.75,0,39.00,0.000000,100.00,75.000000
1.00,5.00,0.80,0.05,1.00,2,39.00,0.000000,100.00,75.000000
