Alpha,Beta,Alpha1,Rho,Q0,CMSA probability,Best at iteration,Best length,Deviation,Success rate,Commonality with CMSA
1.00,5.00,0.90,0.50,0.10,0.00,0,39.00,0.000000,100.00,81.250000
1.00,5.00,0.90,0.50,0.10,0.25,1,39.00,0.000000,100.00,75.000000
1.00,5.00,0.90,0.50,0.10,0.50,2,39.00,0.000000,100.00,87.500000
1.00,5.00,0.90,0.50,0.10,0.75,0,39.00,0.000000,100.00,81.250000
1.00,5.00,0.90,0.50,0.10,1.00,2,39.00,0.000000,100.00,81.250000
