Used local search,Alpha,Beta,Rho,pBest,CMSA probability,Best at iteration,Best length,Deviation,Success rate,Commonality with CMSA,Computation time [ms]
false,1.00,5.00,0.80,0.05,0.00,0,39.00,0.000000,100.00,68.750000,50
false,1.00,5.00,0.80,0.05,0.25,0,39.00,0.000000,100.00,81.250000,73
false,1.00,5.00,0.80,0.05,0.50,1,39.00,0.000000,100.00,87.500000,93
false,1.00,5.00,0.80,0.05,0.75,0,39.00,0.000000,100.00,100.000000,100
false,1.00,5.00,0.80,0.05,1.00,3,39.00,0.000000,100.00,81.250000,97
