Alpha,Beta,Rho,CMSA probability,Best at iteration,Best length,Deviation,Success rate,Commonality with CMSA
1.00,5.00,0.50,0.00,3,50.00,50.307692,0.00,81.250000
1.00,5.00,0.50,0.25,1,42.00,20.410256,0.00,68.750000
1.00,5.00,0.50,0.50,2,40.00,7.641026,2.00,68.750000
1.00,5.00,0.50,0.75,5,39.00,2.102564,24.00,93.750000
1.00,5.00,0.50,1.00,0,39.00,0.358974,86.00,87.500000
