Alpha,Beta,Rho,CMSA probability,Best at iteration,Best length,Deviation,Success rate,Commonality with CMSA
1.00,5.00,0.50,0.00,115,8129.00,17.497755,0.00,71.153846
1.00,5.00,0.50,0.25,40,7645.00,14.616365,0.00,71.153846
1.00,5.00,0.50,0.50,194,7394.00,12.543374,0.00,65.384615
1.00,5.00,0.50,0.75,37,7269.00,10.883418,0.00,67.307692
1.00,5.00,0.50,1.00,48,7367.00,9.613613,0.00,53.846154
