Alpha,Beta,Alpha1,Rho,Q0,CMSA probability,Best at iteration,Best length,Deviation,Success rate,Commonality with CMSA
1.00,5.00,0.90,0.50,0.10,0.00,55,7259.00,10.878204,0.00,63.461538
1.00,5.00,0.90,0.50,0.10,0.25,192,7093.00,5.128458,0.00,73.076923
1.00,5.00,0.90,0.50,0.10,0.50,246,7161.00,6.168573,0.00,69.230769
1.00,5.00,0.90,0.50,0.10,0.75,277,7017.00,6.252571,0.00,71.153846
1.00,5.00,0.90,0.50,0.10,1.00,406,7259.00,7.657639,0.00,65.384615
