Alpha,Beta,Alpha1,Rho,Q0,CMSA probability,Best at iteration,Best length,Deviation,Success rate,Commonality with CMSA
1.00,5.00,0.90,0.50,0.10,0.00,16,7790.00,15.110789,0.00,69.230769
1.00,5.00,0.90,0.50,0.10,0.25,98,7307.00,11.421289,0.00,71.153846
1.00,5.00,0.90,0.50,0.10,0.50,108,7192.00,9.458653,0.00,69.230769
1.00,5.00,0.90,0.50,0.10,0.75,17,7276.00,7.217958,0.00,71.153846
1.00,5.00,0.90,0.50,0.10,1.00,26,7302.00,6.913541,0.00,69.230769
