Used local search,Alpha,Beta,Rho,pBest,CMSA probability,Best at iteration,Best length,Deviation,Success rate,Commonality with CMSA,Computation time [ms]
false,1.00,5.00,0.80,0.05,0.00,426,7081.00,5.845619,0.00,65.384615,2614
false,1.00,5.00,0.80,0.05,0.25,264,7090.00,4.847212,0.00,69.230769,1636
false,1.00,5.00,0.80,0.05,0.50,495,7090.00,5.213324,0.00,69.230769,1673
false,1.00,5.00,0.80,0.05,0.75,451,7017.00,5.639392,0.00,71.153846,1707
false,1.00,5.00,0.80,0.05,1.00,497,7017.00,6.144823,0.00,71.153846,1711
