Alpha,Beta,Rho,CMSA probability,Best at iteration,Best length,Deviation,Success rate,Commonality with CMSA
1.00,5.00,0.50,0.00,63,7255.00,6.804924,0.00,57.692308
1.00,5.00,0.50,0.25,17,7287.00,6.055612,0.00,69.230769
1.00,5.00,0.50,0.50,180,7242.00,6.293121,0.00,67.307692
1.00,5.00,0.50,0.75,200,7234.00,6.602462,0.00,69.230769
1.00,5.00,0.50,1.00,260,7322.00,7.336423,0.00,71.153846
