Alpha,Beta,Rho,CMSA probability,Best at iteration,Best length,Deviation,Success rate,Commonality with CMSA
1.00,5.00,0.50,0.00,83,40438.00,5.813927,0.00,59.420290
1.00,5.00,0.50,0.25,52,40484.00,5.509632,0.00,68.115942
1.00,5.00,0.50,0.50,261,40388.00,5.552091,0.00,71.014493
1.00,5.00,0.50,0.75,129,40702.00,5.849249,0.00,66.666667
1.00,5.00,0.50,1.00,358,40384.00,6.107362,0.00,68.115942
