Used local search,Alpha,Beta,Rho,pBest,CMSA probability,Best at iteration,Best length,Deviation,Success rate,Commonality with CMSA,Computation time [ms]
false,1.00,5.00,0.80,0.05,0.00,405,39456.00,3.934580,0.00,69.565217,3527
false,1.00,5.00,0.80,0.05,0.25,467,39616.00,3.975849,0.00,66.666667,2631
false,1.00,5.00,0.80,0.05,0.50,485,39642.00,4.434618,0.00,69.565217,2676
false,1.00,5.00,0.80,0.05,0.75,474,39699.00,5.034417,0.00,66.666667,2156
false,1.00,5.00,0.80,0.05,1.00,459,39872.00,5.672123,0.00,71.014493,1748
