Alpha,Beta,Rho,CMSA probability,Best at iteration,Best length,Deviation,Success rate,Commonality with CMSA
1.00,5.00,0.50,0.00,74,41165.00,8.158405,0.00,76.811594
1.00,5.00,0.50,0.25,26,41601.00,8.331911,0.00,71.014493
1.00,5.00,0.50,0.50,146,41122.00,8.129858,0.00,73.913043
1.00,5.00,0.50,0.75,60,41725.00,8.336255,0.00,59.420290
1.00,5.00,0.50,1.00,90,41561.00,8.468130,0.00,60.869565
