Alpha,Beta,Alpha1,Rho,Q0,CMSA probability,Best at iteration,Best length,Deviation,Success rate,Commonality with CMSA
1.00,5.00,0.90,0.50,0.10,0.00,17,39918.00,5.225351,0.00,63.768116
1.00,5.00,0.90,0.50,0.10,0.25,238,39195.00,2.320947,0.00,73.913043
1.00,5.00,0.90,0.50,0.10,0.50,391,39235.00,2.328860,0.00,75.362319
1.00,5.00,0.90,0.50,0.10,0.75,448,39374.00,2.551341,0.00,72.463768
1.00,5.00,0.90,0.50,0.10,1.00,443,39310.00,2.863652,0.00,75.362319
