Alpha,Beta,Alpha1,Rho,Q0,CMSA probability,Best at iteration,Best length,Deviation,Success rate,Commonality with CMSA
1.00,5.00,0.90,0.50,0.10,0.00,29,41109.00,7.217077,0.00,73.913043
1.00,5.00,0.90,0.50,0.10,0.25,6,41271.00,6.817418,0.00,73.913043
1.00,5.00,0.90,0.50,0.10,0.50,61,40464.00,6.100070,0.00,66.666667
1.00,5.00,0.90,0.50,0.10,0.75,30,40329.00,5.112301,0.00,68.115942
1.00,5.00,0.90,0.50,0.10,1.00,26,39879.00,4.176764,0.00,69.565217
