Alpha,Beta,Alpha1,Rho,Q0,CMSA probability,Best at iteration,Best length,Deviation,Success rate,Commonality with CMSA
1.00,5.00,0.90,0.50,0.10,0.00,979,3027.00,13.839564,0.00,87.647059
1.00,5.00,0.90,0.50,0.10,0.25,302,3055.00,12.258439,0.00,87.058824
1.00,5.00,0.90,0.50,0.10,0.50,323,2977.00,10.062432,0.00,84.705882
1.00,5.00,0.90,0.50,0.10,0.75,249,2891.00,7.782214,0.00,85.882353
1.00,5.00,0.90,0.50,0.10,1.00,145,2845.00,6.765880,0.00,81.176471
