Alpha,Beta,Alpha1,Rho,Q0,CMSA probability,Best at iteration,Best length,Deviation,Success rate,Commonality with CMSA
1.00,5.00,0.90,0.50,0.10,0.00,4,1591.00,4.450980,0.00,78.947368
1.00,5.00,0.90,0.50,0.10,0.25,27,1547.00,4.139869,0.00,76.315789
1.00,5.00,0.90,0.50,0.10,0.50,13,1547.00,3.169935,2.00,73.684211
1.00,5.00,0.90,0.50,0.10,0.75,6,1530.00,3.366013,2.00,71.052632
1.00,5.00,0.90,0.50,0.10,1.00,4,1552.00,3.061438,6.00,68.421053
