Alpha,Beta,Rho,pBest,CMSA probability,Best at iteration,Best length,Deviation,Success rate,Commonality with CMSA
1.00,5.00,0.80,0.05,0.00,19,1492.00,1.856076,8.00,62.857143
1.00,5.00,0.80,0.05,0.25,46,1473.00,1.091650,26.00,71.428571
1.00,5.00,0.80,0.05,0.50,99,1473.00,1.348269,16.00,71.428571
1.00,5.00,0.80,0.05,0.75,48,1473.00,1.346911,22.00,71.428571
1.00,5.00,0.80,0.05,1.00,51,1499.00,1.626612,14.00,71.428571
