Alpha,Beta,Rho,CMSA probability,Best at iteration,Best length,Deviation,Success rate,Commonality with CMSA
1.00,5.00,0.50,0.00,8,1591.00,5.186928,0.00,76.315789
1.00,5.00,0.50,0.25,26,1564.00,5.392157,0.00,71.052632
1.00,5.00,0.50,0.50,6,1576.00,4.623529,0.00,71.052632
1.00,5.00,0.50,0.75,12,1536.00,2.950327,2.00,71.052632
1.00,5.00,0.50,1.00,7,1536.00,3.192157,8.00,71.052632
