Alpha,Beta,Alpha1,Rho,Q0,CMSA probability,Best at iteration,Best length,Deviation,Success rate,Commonality with CMSA
1.00,5.00,0.90,0.50,0.10,0.00,29,1512.00,4.601494,0.00,68.571429
1.00,5.00,0.90,0.50,0.10,0.25,10,1473.00,4.382892,2.00,71.428571
1.00,5.00,0.90,0.50,0.10,0.50,5,1499.00,2.980312,4.00,71.428571
1.00,5.00,0.90,0.50,0.10,0.75,12,1479.00,2.168364,12.00,68.571429
1.00,5.00,0.90,0.50,0.10,1.00,12,1496.00,2.023082,14.00,68.571429
