Alpha,Beta,Rho,CMSA probability,Best at iteration,Best length,Deviation,Success rate,Commonality with CMSA
1.00,5.00,0.50,0.00,13,1316.00,4.108865,0.00,75.757576
1.00,5.00,0.50,0.25,40,1286.00,3.550544,2.00,72.727273
1.00,5.00,0.50,0.50,26,1286.00,2.597201,22.00,72.727273
1.00,5.00,0.50,0.75,3,1286.00,2.788491,26.00,72.727273
1.00,5.00,0.50,1.00,11,1286.00,2.141524,42.00,69.696970
