Alpha,Beta,Rho,CMSA probability,Best at iteration,Best length,Deviation,Success rate,Commonality with CMSA
1.00,5.00,0.50,0.00,6,1286.00,2.556765,40.00,69.696970
1.00,5.00,0.50,0.25,11,1286.00,2.153966,46.00,72.727273
1.00,5.00,0.50,0.50,94,1286.00,0.292379,92.00,66.666667
1.00,5.00,0.50,0.75,27,1286.00,0.959565,70.00,66.666667
1.00,5.00,0.50,1.00,91,1286.00,0.916019,62.00,66.666667
