Alpha,Beta,Rho,pBest,CMSA probability,Best at iteration,Best length,Deviation,Success rate,Commonality with CMSA
1.00,5.00,0.80,0.05,0.00,64,1530.00,1.911111,12.00,71.052632
1.00,5.00,0.80,0.05,0.25,46,1530.00,1.271895,22.00,76.315789
1.00,5.00,0.80,0.05,0.50,89,1530.00,1.257516,22.00,71.052632
1.00,5.00,0.80,0.05,0.75,83,1530.00,1.835294,16.00,71.052632
1.00,5.00,0.80,0.05,1.00,68,1530.00,1.445752,16.00,76.315789
