Alpha,Beta,Alpha1,Rho,Q0,CMSA probability,Best at iteration,Best length,Deviation,Success rate,Commonality with CMSA
1.00,5.00,0.90,0.50,0.10,0.00,1,1390.00,9.110420,2.00,69.696970
1.00,5.00,0.90,0.50,0.10,0.25,3,1329.00,2.331260,30.00,75.757576
1.00,5.00,0.90,0.50,0.10,0.50,42,1286.00,1.772939,48.00,72.727273
1.00,5.00,0.90,0.50,0.10,0.75,6,1316.00,2.404355,36.00,72.727273
1.00,5.00,0.90,0.50,0.10,1.00,41,1286.00,2.536547,34.00,72.727273
