Alpha,Beta,Alpha1,Rho,Q0,CMSA probability,Best at iteration,Best length,Deviation,Success rate,Commonality with CMSA
1.00,5.00,0.90,0.50,0.10,0.00,0,1317.00,4.085537,0.00,72.727273
1.00,5.00,0.90,0.50,0.10,0.25,1,1345.00,3.426128,8.00,75.757576
1.00,5.00,0.90,0.50,0.10,0.50,8,1286.00,2.272162,34.00,72.727273
1.00,5.00,0.90,0.50,0.10,0.75,2,1286.00,2.325039,30.00,72.727273
1.00,5.00,0.90,0.50,0.10,1.00,13,1286.00,2.178849,32.00,75.757576
