Alpha,Beta,Alpha1,Rho,Q0,CMSA probability,Best at iteration,Best length,Deviation,Success rate,Commonality with CMSA
1.00,5.00,0.90,0.50,0.10,0.00,2,1505.00,6.150713,0.00,71.428571
1.00,5.00,0.90,0.50,0.10,0.25,7,1479.00,1.549219,18.00,68.571429
1.00,5.00,0.90,0.50,0.10,0.50,39,1473.00,2.021724,18.00,68.571429
1.00,5.00,0.90,0.50,0.10,0.75,21,1473.00,2.141208,20.00,71.428571
1.00,5.00,0.90,0.50,0.10,1.00,52,1473.00,1.986422,24.00,68.571429
