Used local search,Alpha,Beta,Rho,pBest,CMSA probability,Best at iteration,Best length,Deviation,Success rate,Commonality with CMSA,Computation time [ms]
false,1.00,5.00,0.80,0.05,0.00,71,1530.00,2.181699,10.00,68.421053,360
false,1.00,5.00,0.80,0.05,0.25,42,1530.00,1.332026,18.00,73.684211,363
false,1.00,5.00,0.80,0.05,0.50,58,1530.00,1.281046,24.00,71.052632,351
false,1.00,5.00,0.80,0.05,0.75,79,1530.00,2.074510,8.00,73.684211,353
false,1.00,5.00,0.80,0.05,1.00,85,1530.00,2.258824,14.00,71.052632,335
