Alpha,Beta,Rho,pBest,CMSA probability,Best at iteration,Best length,Deviation,Success rate,Commonality with CMSA
1.00,5.00,0.80,0.05,0.00,18,1530.00,0.139869,38.00,71.052632
1.00,5.00,0.80,0.05,0.25,9,1530.00,0.086275,68.00,73.684211
1.00,5.00,0.80,0.05,0.50,55,1530.00,0.062745,78.00,71.052632
1.00,5.00,0.80,0.05,0.75,48,1530.00,0.081046,74.00,71.052632
1.00,5.00,0.80,0.05,1.00,69,1530.00,0.130719,64.00,71.052632
