Alpha,Beta,Rho,pBest,CMSA probability,Best at iteration,Best length,Deviation,Success rate,Commonality with CMSA
1.00,5.00,0.80,0.05,0.00,26,1530.00,0.375163,32.00,73.684211
1.00,5.00,0.80,0.05,0.25,38,1530.00,0.154248,60.00,73.684211
1.00,5.00,0.80,0.05,0.50,31,1530.00,0.222222,60.00,73.684211
1.00,5.00,0.80,0.05,0.75,76,1530.00,0.379085,44.00,71.052632
1.00,5.00,0.80,0.05,1.00,79,1530.00,0.403922,34.00,68.421053
