Used local search,Alpha,Beta,Rho,pBest,CMSA probability,Best at iteration,Best length,Deviation,Success rate,Commonality with CMSA,Computation time [ms]
false,1.00,5.00,0.80,0.05,0.00,94,1473.00,1.455533,14.00,71.428571,296
false,1.00,5.00,0.80,0.05,0.25,90,1473.00,0.951799,30.00,71.428571,326
false,1.00,5.00,0.80,0.05,0.50,59,1473.00,1.281738,28.00,71.428571,312
false,1.00,5.00,0.80,0.05,0.75,56,1473.00,1.576375,18.00,71.428571,305
false,1.00,5.00,0.80,0.05,1.00,92,1473.00,1.725730,18.00,71.428571,309
