Alpha,Beta,Rho,pBest,CMSA probability,Best at iteration,Best length,Deviation,Success rate,Commonality with CMSA
1.00,5.00,0.80,0.05,0.00,14,1286.00,0.329705,92.00,69.696970
1.00,5.00,0.80,0.05,0.25,75,1286.00,0.164852,96.00,69.696970
1.00,5.00,0.80,0.05,0.50,35,1286.00,0.000000,100.00,72.727273
1.00,5.00,0.80,0.05,0.75,41,1286.00,0.000000,100.00,72.727273
1.00,5.00,0.80,0.05,1.00,29,1286.00,0.000000,100.00,72.727273
