Alpha,Beta,Rho,CMSA probability,Best at iteration,Best length,Deviation,Success rate,Commonality with CMSA
1.00,5.00,0.50,0.00,16,1538.00,5.033265,0.00,68.571429
1.00,5.00,0.50,0.25,9,1499.00,4.726409,0.00,71.428571
1.00,5.00,0.50,0.50,6,1505.00,3.599457,6.00,71.428571
1.00,5.00,0.50,0.75,17,1473.00,2.553971,2.00,74.285714
1.00,5.00,0.50,1.00,10,1479.00,1.979633,8.00,65.714286
