Alpha,Beta,Rho,pBest,CMSA probability,Best at iteration,Best length,Deviation,Success rate,Commonality with CMSA
1.00,5.00,0.80,0.05,0.00,32,1286.00,0.794712,78.00,72.727273
1.00,5.00,0.80,0.05,0.25,24,1286.00,0.082426,98.00,69.696970
1.00,5.00,0.80,0.05,0.50,13,1286.00,0.082426,98.00,66.666667
1.00,5.00,0.80,0.05,0.75,51,1286.00,0.000000,100.00,69.696970
1.00,5.00,0.80,0.05,1.00,65,1286.00,0.046656,98.00,69.696970
