Alpha,Beta,Alpha1,Rho,Q0,CMSA probability,Best at iteration,Best length,Deviation,Success rate,Commonality with CMSA
1.00,5.00,0.90,0.50,0.10,0.00,2,1617.00,7.857516,0.00,65.789474
1.00,5.00,0.90,0.50,0.10,0.25,14,1530.00,2.224837,10.00,76.315789
1.00,5.00,0.90,0.50,0.10,0.50,21,1546.00,2.572549,10.00,71.052632
1.00,5.00,0.90,0.50,0.10,0.75,69,1530.00,2.383007,12.00,73.684211
1.00,5.00,0.90,0.50,0.10,1.00,62,1530.00,2.891503,6.00,76.315789
