Alpha,Beta,Rho,pBest,CMSA probability,Best at iteration,Best length,Deviation,Success rate,Commonality with CMSA
1.00,5.00,0.80,0.05,0.00,70,1473.00,0.086897,46.00,71.428571
1.00,5.00,0.80,0.05,0.25,13,1473.00,0.038018,72.00,68.571429
1.00,5.00,0.80,0.05,0.50,31,1473.00,0.052953,80.00,68.571429
1.00,5.00,0.80,0.05,0.75,56,1473.00,0.069246,78.00,74.285714
1.00,5.00,0.80,0.05,1.00,83,1473.00,0.103191,68.00,71.428571
