Used local search,Alpha,Beta,Rho,pBest,CMSA probability,Best at iteration,Best length,Deviation,Success rate,Commonality with CMSA,Computation time [ms]
false,1.00,5.00,0.80,0.05,0.00,54,1286.00,3.340591,24.00,72.727273,277
false,1.00,5.00,0.80,0.05,0.25,20,1286.00,1.953344,48.00,72.727273,300
false,1.00,5.00,0.80,0.05,0.50,58,1286.00,0.923795,74.00,69.696970,311
false,1.00,5.00,0.80,0.05,0.75,9,1286.00,1.320373,60.00,69.696970,274
false,1.00,5.00,0.80,0.05,1.00,94,1286.00,1.132193,64.00,69.696970,276
