Alpha,Beta,Rho,CMSA probability,Best at iteration,Best length,Deviation,Success rate,Commonality with CMSA
1.00,5.00,0.50,0.00,20,1473.00,1.535642,6.00,71.428571
1.00,5.00,0.50,0.25,35,1473.00,1.349627,16.00,71.428571
1.00,5.00,0.50,0.50,26,1473.00,1.337407,14.00,71.428571
1.00,5.00,0.50,0.75,56,1473.00,1.562797,18.00,71.428571
1.00,5.00,0.50,1.00,36,1499.00,1.993211,6.00,74.285714
