Alpha,Beta,Rho,pBest,CMSA probability,Best at iteration,Best length,Deviation,Success rate,Commonality with CMSA
1.00,5.00,0.80,0.05,0.00,76,1473.00,0.304141,38.00,71.428571
1.00,5.00,0.80,0.05,0.25,65,1473.00,0.168364,62.00,71.428571
1.00,5.00,0.80,0.05,0.50,72,1473.00,0.187373,62.00,71.428571
1.00,5.00,0.80,0.05,0.75,75,1473.00,0.286490,48.00,71.428571
1.00,5.00,0.80,0.05,1.00,98,1473.00,0.283775,54.00,71.428571
