Alpha,Beta,Rho,CMSA probability,Best at iteration,Best length,Deviation,Success rate,Commonality with CMSA
1.00,5.00,0.50,0.00,34,1530.00,2.286275,8.00,76.315789
1.00,5.00,0.50,0.25,64,1530.00,1.562092,20.00,73.684211
1.00,5.00,0.50,0.50,32,1536.00,1.630065,10.00,71.052632
1.00,5.00,0.50,0.75,83,1536.00,1.779085,4.00,71.052632
1.00,5.00,0.50,1.00,75,1530.00,2.169935,4.00,73.684211
