Alpha,Beta,Rho,pBest,CMSA probability,Best at iteration,Best length,Deviation,Success rate,Commonality with CMSA
1.00,5.00,0.80,0.05,0.00,92,1286.00,3.362364,24.00,72.727273
1.00,5.00,0.80,0.05,0.25,8,1339.00,1.623639,58.00,69.696970
1.00,5.00,0.80,0.05,0.50,53,1286.00,1.284603,64.00,69.696970
1.00,5.00,0.80,0.05,0.75,12,1286.00,0.709176,80.00,72.727273
1.00,5.00,0.80,0.05,1.00,11,1315.00,0.933126,66.00,72.727273
