Alpha,Beta,Alpha1,Rho,Q0,CMSA probability,Best at iteration,Best length,Deviation,Success rate,Commonality with CMSA
1.00,5.00,0.90,0.50,0.10,0.00,9,1955.00,10.823198,0.00,78.723404
1.00,5.00,0.90,0.50,0.10,0.25,15,1922.00,10.040541,0.00,70.212766
1.00,5.00,0.90,0.50,0.10,0.50,6,1921.00,9.645270,0.00,76.595745
1.00,5.00,0.90,0.50,0.10,0.75,6,1918.00,9.154279,0.00,70.212766
1.00,5.00,0.90,0.50,0.10,1.00,5,1822.00,7.619369,0.00,65.957447
