Alpha,Beta,Rho,pBest,CMSA probability,Best at iteration,Best length,Deviation,Success rate,Commonality with CMSA
1.00,5.00,0.80,0.05,0.00,65,1785.00,5.317568,0.00,68.085106
1.00,5.00,0.80,0.05,0.25,52,1828.00,6.954955,0.00,72.340426
1.00,5.00,0.80,0.05,0.50,45,1912.00,6.791667,0.00,76.595745
1.00,5.00,0.80,0.05,0.75,64,1855.00,6.558559,0.00,72.340426
1.00,5.00,0.80,0.05,1.00,44,1912.00,7.721847,0.00,78.723404
