Alpha,Beta,Alpha1,Rho,Q0,CMSA probability,Best at iteration,Best length,Deviation,Success rate,Commonality with CMSA
1.00,5.00,0.90,0.50,0.10,0.00,3,1695.00,5.682579,0.00,75.000000
1.00,5.00,0.90,0.50,0.10,0.25,10,1657.00,5.551147,0.00,75.000000
1.00,5.00,0.90,0.50,0.10,0.50,68,1633.00,4.707998,0.00,72.727273
1.00,5.00,0.90,0.50,0.10,0.75,18,1624.00,4.208308,0.00,75.000000
1.00,5.00,0.90,0.50,0.10,1.00,5,1655.00,4.425294,0.00,77.272727
