Alpha,Beta,Rho,CMSA probability,Best at iteration,Best length,Deviation,Success rate,Commonality with CMSA
1.00,5.00,0.50,0.00,47,1868.00,6.715090,0.00,68.085106
1.00,5.00,0.50,0.25,56,1871.00,6.570946,0.00,65.957447
1.00,5.00,0.50,0.50,46,1826.00,7.093468,0.00,68.085106
1.00,5.00,0.50,0.75,27,1861.00,7.844595,0.00,76.595745
1.00,5.00,0.50,1.00,87,1830.00,8.139640,0.00,72.340426
