Alpha,Beta,Rho,CMSA probability,Best at iteration,Best length,Deviation,Success rate,Commonality with CMSA
1.00,5.00,0.50,0.00,38,1929.00,12.282658,0.00,72.340426
1.00,5.00,0.50,0.25,19,1897.00,11.095721,0.00,70.212766
1.00,5.00,0.50,0.50,21,1883.00,10.493243,0.00,78.723404
1.00,5.00,0.50,0.75,52,1848.00,10.281532,0.00,72.340426
1.00,5.00,0.50,1.00,15,1833.00,9.105856,0.00,63.829787
