Used local search,Alpha,Beta,Rho,pBest,CMSA probability,Best at iteration,Best length,Deviation,Success rate,Commonality with CMSA,Computation time [ms]
false,1.00,5.00,0.80,0.05,0.00,83,1613.00,3.091135,4.00,70.454545,451
false,1.00,5.00,0.80,0.05,0.25,51,1613.00,1.778053,14.00,65.909091,466
false,1.00,5.00,0.80,0.05,0.50,77,1613.00,1.861128,4.00,70.454545,455
false,1.00,5.00,0.80,0.05,0.75,89,1622.00,2.560446,0.00,75.000000,418
false,1.00,5.00,0.80,0.05,1.00,97,1622.00,3.351519,0.00,75.000000,375
