Alpha,Beta,Rho,CMSA probability,Best at iteration,Best length,Deviation,Success rate,Commonality with CMSA
1.00,5.00,0.50,0.00,26,1624.00,2.308741,6.00,68.181818
1.00,5.00,0.50,0.25,21,1613.00,1.743335,6.00,75.000000
1.00,5.00,0.50,0.50,67,1624.00,2.140112,6.00,70.454545
1.00,5.00,0.50,0.75,49,1615.00,2.177309,0.00,65.909091
1.00,5.00,0.50,1.00,42,1653.00,2.510849,0.00,77.272727
