Alpha,Beta,Alpha1,Rho,Q0,CMSA probability,Best at iteration,Best length,Deviation,Success rate,Commonality with CMSA
1.00,5.00,0.90,0.50,0.10,0.00,1,1675.00,7.061376,0.00,70.454545
1.00,5.00,0.90,0.50,0.10,0.25,47,1624.00,2.357099,0.00,70.454545
1.00,5.00,0.90,0.50,0.10,0.50,25,1624.00,2.916305,4.00,75.000000
1.00,5.00,0.90,0.50,0.10,0.75,74,1613.00,3.398636,6.00,79.545455
1.00,5.00,0.90,0.50,0.10,1.00,61,1622.00,4.187229,0.00,75.000000
