Alpha,Beta,Rho,pBest,CMSA probability,Best at iteration,Best length,Deviation,Success rate,Commonality with CMSA
1.00,5.00,0.80,0.05,0.00,28,1613.00,2.788593,12.00,72.727273
1.00,5.00,0.80,0.05,0.25,11,1624.00,1.628022,4.00,75.000000
1.00,5.00,0.80,0.05,0.50,77,1613.00,1.942963,4.00,75.000000
1.00,5.00,0.80,0.05,0.75,55,1624.00,2.267824,0.00,72.727273
1.00,5.00,0.80,0.05,1.00,61,1613.00,2.830750,2.00,77.272727
