Alpha,Beta,Rho,pBest,CMSA probability,Best at iteration,Best length,Deviation,Success rate,Commonality with CMSA
1.00,5.00,0.80,0.05,0.00,92,1613.00,0.238066,62.00,72.727273
1.00,5.00,0.80,0.05,0.25,29,1613.00,0.150031,70.00,68.181818
1.00,5.00,0.80,0.05,0.50,64,1613.00,0.140112,72.00,75.000000
1.00,5.00,0.80,0.05,0.75,76,1613.00,0.332300,54.00,72.727273
1.00,5.00,0.80,0.05,1.00,69,1613.00,0.412895,40.00,72.727273
