Alpha,Beta,Rho,pBest,CMSA probability,Best at iteration,Best length,Deviation,Success rate,Commonality with CMSA
1.00,5.00,0.80,0.05,0.00,34,1776.00,0.403153,8.00,61.702128
1.00,5.00,0.80,0.05,0.25,86,1776.00,0.406532,2.00,63.829787
1.00,5.00,0.80,0.05,0.50,86,1777.00,0.715090,0.00,72.340426
1.00,5.00,0.80,0.05,0.75,68,1777.00,0.675676,0.00,65.957447
1.00,5.00,0.80,0.05,1.00,97,1777.00,0.864865,0.00,68.085106
