Alpha,Beta,Rho,CMSA probability,Best at iteration,Best length,Deviation,Success rate,Commonality with CMSA
1.00,5.00,0.50,0.00,9,1683.00,5.894606,0.00,72.727273
1.00,5.00,0.50,0.25,14,1695.00,5.489151,0.00,79.545455
1.00,5.00,0.50,0.50,23,1661.00,5.223807,0.00,72.727273
1.00,5.00,0.50,0.75,47,1622.00,4.385617,0.00,75.000000
1.00,5.00,0.50,1.00,8,1641.00,3.620583,0.00,72.727273
