Used local search,Alpha,Beta,Rho,pBest,CMSA probability,Best at iteration,Best length,Deviation,Success rate,Commonality with CMSA,Computation time [ms]
false,1.00,5.00,0.80,0.05,0.00,69,1787.00,5.905405,0.00,63.829787,496
false,1.00,5.00,0.80,0.05,0.25,62,1802.00,5.841216,0.00,74.468085,517
false,1.00,5.00,0.80,0.05,0.50,93,1823.00,7.001126,0.00,70.212766,501
false,1.00,5.00,0.80,0.05,0.75,98,1813.00,7.448198,0.00,70.212766,450
false,1.00,5.00,0.80,0.05,1.00,83,1823.00,7.511261,0.00,70.212766,379
