Alpha,Beta,Alpha1,Rho,Q0,CMSA probability,Best at iteration,Best length,Deviation,Success rate,Commonality with CMSA
1.00,5.00,0.90,0.50,0.10,0.00,8,1902.00,9.512387,0.00,72.340426
1.00,5.00,0.90,0.50,0.10,0.25,5,1940.00,6.671171,0.00,78.723404
1.00,5.00,0.90,0.50,0.10,0.50,21,1845.00,7.056306,0.00,78.723404
1.00,5.00,0.90,0.50,0.10,0.75,13,1858.00,6.699324,0.00,70.212766
1.00,5.00,0.90,0.50,0.10,1.00,53,1830.00,7.259009,0.00,72.340426
