Alpha,Beta,Rho,pBest,CMSA probability,Best at iteration,Best length,Deviation,Success rate,Commonality with CMSA
1.00,5.00,0.80,0.05,0.00,17,1776.00,0.811937,2.00,63.829787
1.00,5.00,0.80,0.05,0.25,94,1777.00,0.907658,0.00,68.085106
1.00,5.00,0.80,0.05,0.50,96,1777.00,1.073198,0.00,68.085106
1.00,5.00,0.80,0.05,0.75,96,1785.00,1.274775,0.00,68.085106
1.00,5.00,0.80,0.05,1.00,95,1784.00,1.442568,0.00,70.212766
