Alpha,Beta,Rho,pBest,CMSA probability,Best at iteration,Best length,Deviation,Success rate,Commonality with CMSA
1.00,5.00,0.80,0.05,0.00,24,1613.00,0.014879,96.00,75.000000
1.00,5.00,0.80,0.05,0.25,60,1613.00,0.061996,90.00,75.000000
1.00,5.00,0.80,0.05,0.50,69,1613.00,0.078115,86.00,75.000000
1.00,5.00,0.80,0.05,0.75,31,1613.00,0.119033,80.00,72.727273
1.00,5.00,0.80,0.05,1.00,72,1613.00,0.073156,88.00,75.000000
