Alpha,Beta,Rho,CMSA probability,Best at iteration,Best length,Deviation,Success rate,Commonality with CMSA
1.00,5.00,0.50,0.00,7,1674.00,7.932836,0.00,81.818182
1.00,5.00,0.50,0.25,9,1703.00,5.845771,0.00,83.636364
1.00,5.00,0.50,0.50,25,1619.00,4.087065,0.00,80.000000
1.00,5.00,0.50,0.75,22,1620.00,2.848259,0.00,83.636364
1.00,5.00,0.50,1.00,81,1608.00,2.905473,4.00,80.000000
