Used local search,Alpha,Beta,Rho,pBest,CMSA probability,Best at iteration,Best length,Deviation,Success rate,Commonality with CMSA,Computation time [ms]
false,1.00,5.00,0.80,0.05,0.00,48,1608.00,2.373134,16.00,78.181818,2756
false,1.00,5.00,0.80,0.05,0.25,446,1608.00,1.261194,22.00,81.818182,1821
false,1.00,5.00,0.80,0.05,0.50,464,1608.00,1.437811,12.00,83.636364,1841
false,1.00,5.00,0.80,0.05,0.75,468,1608.00,1.859453,6.00,74.545455,1871
false,1.00,5.00,0.80,0.05,1.00,479,1608.00,2.200249,2.00,80.000000,1782
