Alpha,Beta,Alpha1,Rho,Q0,CMSA probability,Best at iteration,Best length,Deviation,Success rate,Commonality with CMSA
1.00,5.00,0.90,0.50,0.10,0.00,7,1672.00,5.774876,0.00,80.000000
1.00,5.00,0.90,0.50,0.10,0.25,4,1660.00,2.791045,0.00,81.818182
1.00,5.00,0.90,0.50,0.10,0.50,21,1647.00,2.671642,2.00,80.000000
1.00,5.00,0.90,0.50,0.10,0.75,75,1644.00,2.684080,0.00,81.818182
1.00,5.00,0.90,0.50,0.10,1.00,272,1612.00,2.674129,6.00,81.818182
