Alpha,Beta,Rho,CMSA probability,Best at iteration,Best length,Deviation,Success rate,Commonality with CMSA
1.00,5.00,0.50,0.00,62,1610.00,1.345771,26.00,78.181818
1.00,5.00,0.50,0.25,301,1608.00,1.055970,6.00,80.000000
1.00,5.00,0.50,0.50,258,1612.00,1.390547,4.00,80.000000
1.00,5.00,0.50,0.75,114,1620.00,1.854478,0.00,81.818182
1.00,5.00,0.50,1.00,412,1612.00,1.768657,0.00,81.818182
