Alpha,Beta,Alpha1,Rho,Q0,CMSA probability,Best at iteration,Best length,Deviation,Success rate,Commonality with CMSA
1.00,5.00,0.90,0.50,0.10,0.00,205,1683.00,7.166667,0.00,83.636364
1.00,5.00,0.90,0.50,0.10,0.25,34,1647.00,4.809701,0.00,80.000000
1.00,5.00,0.90,0.50,0.10,0.50,39,1639.00,4.000000,0.00,80.000000
1.00,5.00,0.90,0.50,0.10,0.75,4,1647.00,3.546020,0.00,78.181818
1.00,5.00,0.90,0.50,0.10,1.00,53,1608.00,2.783582,6.00,83.636364
