Alpha,Beta,Rho,CMSA probability,Best at iteration,Best length,Deviation,Success rate,Commonality with CMSA
1.00,5.00,0.50,0.00,33,1856.00,1.156063,10.00,73.437500
1.00,5.00,0.50,0.25,258,1846.00,1.538880,0.00,76.562500
1.00,5.00,0.50,0.50,194,1874.00,1.890158,4.00,78.125000
1.00,5.00,0.50,0.75,324,1862.00,2.047852,0.00,78.125000
1.00,5.00,0.50,1.00,305,1857.00,2.586188,0.00,81.250000
