Used local search,Alpha,Beta,Rho,pBest,CMSA probability,Best at iteration,Best length,Deviation,Success rate,Commonality with CMSA,Computation time [ms]
false,1.00,5.00,0.80,0.05,0.00,442,1839.00,1.735726,4.00,73.437500,3312
false,1.00,5.00,0.80,0.05,0.25,332,1839.00,0.700381,34.00,78.125000,2409
false,1.00,5.00,0.80,0.05,0.50,403,1839.00,0.878738,24.00,75.000000,2456
false,1.00,5.00,0.80,0.05,0.75,395,1839.00,1.113649,24.00,75.000000,2218
false,1.00,5.00,0.80,0.05,1.00,481,1839.00,1.914084,8.00,75.000000,1770
