Alpha,Beta,Alpha1,Rho,Q0,CMSA probability,Best at iteration,Best length,Deviation,Success rate,Commonality with CMSA
1.00,5.00,0.90,0.50,0.10,0.00,7,1913.00,5.589995,0.00,70.312500
1.00,5.00,0.90,0.50,0.10,0.25,139,1848.00,3.374660,2.00,76.562500
1.00,5.00,0.90,0.50,0.10,0.50,58,1859.00,3.858619,2.00,78.125000
1.00,5.00,0.90,0.50,0.10,0.75,125,1906.00,3.983687,0.00,79.687500
1.00,5.00,0.90,0.50,0.10,1.00,425,1859.00,4.025014,0.00,78.125000
