Alpha,Beta,Rho,CMSA probability,Best at iteration,Best length,Deviation,Success rate,Commonality with CMSA
1.00,5.00,0.50,0.00,75,1982.00,9.320283,0.00,82.812500
1.00,5.00,0.50,0.25,170,1957.00,8.586188,0.00,81.250000
1.00,5.00,0.50,0.50,60,1904.00,6.722132,0.00,82.812500
1.00,5.00,0.50,0.75,33,1861.00,4.201196,0.00,79.687500
1.00,5.00,0.50,1.00,38,1856.00,2.725394,2.00,78.125000
