Alpha,Beta,Alpha1,Rho,Q0,CMSA probability,Best at iteration,Best length,Deviation,Success rate,Commonality with CMSA
1.00,5.00,0.90,0.50,0.10,0.00,26,1968.00,7.884720,0.00,81.250000
1.00,5.00,0.90,0.50,0.10,0.25,173,1916.00,6.812398,0.00,82.812500
1.00,5.00,0.90,0.50,0.10,0.50,35,1869.00,5.584557,0.00,79.687500
1.00,5.00,0.90,0.50,0.10,0.75,14,1882.00,4.929853,0.00,73.437500
1.00,5.00,0.90,0.50,0.10,1.00,184,1848.00,2.940729,0.00,73.437500
