Alpha,Beta,Alpha1,Rho,Q0,CMSA probability,Best at iteration,Best length,Deviation,Success rate,Commonality with CMSA
1.00,5.00,0.90,0.50,0.10,0.00,182,2073.00,8.734359,0.00,78.571429
1.00,5.00,0.90,0.50,0.10,0.25,17,2072.00,7.249231,0.00,80.000000
1.00,5.00,0.90,0.50,0.10,0.50,9,2025.00,6.212308,0.00,78.571429
1.00,5.00,0.90,0.50,0.10,0.75,10,1994.00,4.766154,0.00,77.142857
1.00,5.00,0.90,0.50,0.10,1.00,190,1985.00,5.700513,0.00,75.714286
