Alpha,Beta,Rho,CMSA probability,Best at iteration,Best length,Deviation,Success rate,Commonality with CMSA
1.00,5.00,0.50,0.00,25,1987.00,3.408205,0.00,71.428571
1.00,5.00,0.50,0.25,68,1970.00,1.844103,0.00,77.142857
1.00,5.00,0.50,0.50,303,1970.00,2.187692,0.00,77.142857
1.00,5.00,0.50,0.75,451,1970.00,2.525128,0.00,77.142857
1.00,5.00,0.50,1.00,464,1967.00,3.178462,0.00,77.142857
