Alpha,Beta,Alpha1,Rho,Q0,CMSA probability,Best at iteration,Best length,Deviation,Success rate,Commonality with CMSA
1.00,5.00,0.90,0.50,0.10,0.00,114,2034.00,7.845128,0.00,71.428571
1.00,5.00,0.90,0.50,0.10,0.25,134,1959.00,4.188718,0.00,78.571429
1.00,5.00,0.90,0.50,0.10,0.50,153,1999.00,4.165128,0.00,74.285714
1.00,5.00,0.90,0.50,0.10,0.75,268,2021.00,3.987692,0.00,78.571429
1.00,5.00,0.90,0.50,0.10,1.00,300,2023.00,4.330256,0.00,80.000000
