Alpha,Beta,Rho,CMSA probability,Best at iteration,Best length,Deviation,Success rate,Commonality with CMSA
1.00,5.00,0.50,0.00,22,2121.00,11.579487,0.00,77.142857
1.00,5.00,0.50,0.25,9,2133.00,10.428718,0.00,75.714286
1.00,5.00,0.50,0.50,38,2061.00,8.205128,0.00,74.285714
1.00,5.00,0.50,0.75,17,1981.00,6.545641,0.00,75.714286
1.00,5.00,0.50,1.00,24,2002.00,4.990769,0.00,74.285714
