Used local search,Alpha,Beta,Rho,pBest,CMSA probability,Best at iteration,Best length,Deviation,Success rate,Commonality with CMSA,Computation time [ms]
false,1.00,5.00,0.80,0.05,0.00,382,1957.00,4.071795,0.00,72.857143,3553
false,1.00,5.00,0.80,0.05,0.25,432,1950.00,2.112821,6.00,74.285714,2666
false,1.00,5.00,0.80,0.05,0.50,474,1950.00,1.727179,8.00,75.714286,2696
false,1.00,5.00,0.80,0.05,0.75,318,1957.00,2.894359,0.00,72.857143,2141
false,1.00,5.00,0.80,0.05,1.00,487,1959.00,3.445128,0.00,72.857143,1677
