Alpha,Beta,Rho,pBest,CMSA probability,Best at iteration,Best length,Deviation,Success rate,Commonality with CMSA
1.00,5.00,0.80,0.05,0.00,64,5620.00,0.016726,12.00,80.952381
1.00,5.00,0.80,0.05,0.25,42,5620.00,0.011388,40.00,83.333333
1.00,5.00,0.80,0.05,0.50,51,5620.00,0.011388,44.00,90.476190
1.00,5.00,0.80,0.05,0.75,90,5620.00,0.011744,42.00,88.095238
1.00,5.00,0.80,0.05,1.00,88,5620.00,0.013523,36.00,90.476190
