Alpha,Beta,Rho,pBest,CMSA probability,Best at iteration,Best length,Deviation,Success rate,Commonality with CMSA
1.00,5.00,0.80,0.05,0.00,8,5637.00,0.395730,0.00,85.714286
1.00,5.00,0.80,0.05,0.25,24,5627.00,0.233096,0.00,83.333333
1.00,5.00,0.80,0.05,0.50,8,5625.00,0.160854,0.00,80.952381
1.00,5.00,0.80,0.05,0.75,1,5627.00,0.146975,2.00,88.095238
1.00,5.00,0.80,0.05,1.00,15,5622.00,0.145907,0.00,92.857143
