Alpha,Beta,Rho,pBest,CMSA probability,Best at iteration,Best length,Deviation,Success rate,Commonality with CMSA
1.00,5.00,0.80,0.05,0.00,14,5620.00,0.028826,4.00,85.714286
1.00,5.00,0.80,0.05,0.25,37,5620.00,0.022420,22.00,88.095238
1.00,5.00,0.80,0.05,0.50,70,5620.00,0.021708,18.00,88.095238
1.00,5.00,0.80,0.05,0.75,55,5620.00,0.020641,26.00,90.476190
1.00,5.00,0.80,0.05,1.00,34,5620.00,0.019573,24.00,85.714286
