Alpha,Beta,Alpha1,Rho,Q0,CMSA probability,Best at iteration,Best length,Deviation,Success rate,Commonality with CMSA
1.00,5.00,0.90,0.50,0.10,0.00,2,5624.00,0.106406,2.00,90.476190
1.00,5.00,0.90,0.50,0.10,0.25,17,5622.00,0.076512,4.00,90.476190
1.00,5.00,0.90,0.50,0.10,0.50,12,5622.00,0.071886,0.00,88.095238
1.00,5.00,0.90,0.50,0.10,0.75,27,5620.00,0.076512,4.00,90.476190
1.00,5.00,0.90,0.50,0.10,1.00,16,5620.00,0.075445,10.00,88.095238
