Alpha,Beta,Rho,CMSA probability,Best at iteration,Best length,Deviation,Success rate,Commonality with CMSA
1.00,5.00,0.50,0.00,8,5843.00,5.715302,0.00,64.285714
1.00,5.00,0.50,0.25,7,5733.00,3.448399,0.00,64.285714
1.00,5.00,0.50,0.50,0,5686.00,1.725267,0.00,80.952381
1.00,5.00,0.50,0.75,0,5644.00,0.797153,0.00,85.714286
1.00,5.00,0.50,1.00,0,5632.00,0.264769,0.00,90.476190
