Alpha,Beta,Rho,CMSA probability,Best at iteration,Best length,Deviation,Success rate,Commonality with CMSA
1.00,5.00,0.50,0.00,31,5622.00,0.130249,0.00,92.857143
1.00,5.00,0.50,0.25,24,5633.00,0.213879,0.00,88.095238
1.00,5.00,0.50,0.50,87,5625.00,0.267260,0.00,88.095238
1.00,5.00,0.50,0.75,87,5628.00,0.313879,0.00,90.476190
1.00,5.00,0.50,1.00,91,5626.00,0.350178,0.00,88.095238
