Used local search,Alpha,Beta,Rho,pBest,CMSA probability,Best at iteration,Best length,Deviation,Success rate,Commonality with CMSA,Computation time [ms]
false,1.00,5.00,0.80,0.05,0.00,49,5628.00,0.388256,0.00,83.333333,418
false,1.00,5.00,0.80,0.05,0.25,34,5623.00,0.237011,0.00,85.714286,425
false,1.00,5.00,0.80,0.05,0.50,17,5620.00,0.164413,2.00,85.714286,414
false,1.00,5.00,0.80,0.05,0.75,71,5622.00,0.152669,0.00,92.857143,403
false,1.00,5.00,0.80,0.05,1.00,70,5621.00,0.129537,0.00,90.476190,365
