Alpha,Beta,Alpha1,Rho,Q0,CMSA probability,Best at iteration,Best length,Deviation,Success rate,Commonality with CMSA
1.00,5.00,0.90,0.50,0.10,0.00,8,5636.00,0.396797,0.00,83.333333
1.00,5.00,0.90,0.50,0.10,0.25,27,5620.00,0.093950,14.00,90.476190
1.00,5.00,0.90,0.50,0.10,0.50,20,5621.00,0.065480,30.00,85.714286
1.00,5.00,0.90,0.50,0.10,0.75,51,5620.00,0.052313,32.00,83.333333
1.00,5.00,0.90,0.50,0.10,1.00,24,5620.00,0.054448,20.00,90.476190
