Alpha,Beta,Rho,pBest,CMSA probability,Best at iteration,Best length,Deviation,Success rate,Commonality with CMSA
1.00,5.00,0.80,0.05,0.00,49,14459.00,1.246706,0.00,76.595745
1.00,5.00,0.80,0.05,0.25,78,14422.00,0.956594,8.00,76.595745
1.00,5.00,0.80,0.05,0.50,82,14422.00,1.403134,4.00,76.595745
1.00,5.00,0.80,0.05,0.75,90,14422.00,1.393843,6.00,76.595745
1.00,5.00,0.80,0.05,1.00,91,14422.00,1.616003,2.00,76.595745
