Alpha,Beta,Rho,CMSA probability,Best at iteration,Best length,Deviation,Success rate,Commonality with CMSA
1.00,5.00,0.50,0.00,38,14482.00,2.324504,0.00,72.340426
1.00,5.00,0.50,0.25,79,14495.00,2.745250,0.00,70.212766
1.00,5.00,0.50,0.50,34,14767.00,2.393565,0.00,70.212766
1.00,5.00,0.50,0.75,80,14575.00,3.267924,0.00,72.340426
1.00,5.00,0.50,1.00,33,14928.00,3.577035,0.00,78.723404
