Alpha,Beta,Rho,pBest,CMSA probability,Best at iteration,Best length,Deviation,Success rate,Commonality with CMSA
1.00,5.00,0.80,0.05,0.00,34,14855.00,2.714603,2.00,63.829787
1.00,5.00,0.80,0.05,0.25,66,14519.00,2.139925,0.00,72.340426
1.00,5.00,0.80,0.05,0.50,93,14459.00,2.265428,0.00,74.468085
1.00,5.00,0.80,0.05,0.75,61,14728.00,2.498821,2.00,76.595745
1.00,5.00,0.80,0.05,1.00,87,14590.00,2.811677,0.00,76.595745
