Alpha,Beta,Alpha1,Rho,Q0,CMSA probability,Best at iteration,Best length,Deviation,Success rate,Commonality with CMSA
1.00,5.00,0.90,0.50,0.10,0.00,2,15049.00,8.207045,0.00,63.829787
1.00,5.00,0.90,0.50,0.10,0.25,30,14676.00,4.110110,0.00,78.723404
1.00,5.00,0.90,0.50,0.10,0.50,54,14751.00,3.868257,0.00,74.468085
1.00,5.00,0.90,0.50,0.10,0.75,84,14751.00,3.721675,0.00,76.595745
1.00,5.00,0.90,0.50,0.10,1.00,89,14602.00,3.518097,0.00,76.595745
