Alpha,Beta,Alpha1,Rho,Q0,CMSA probability,Best at iteration,Best length,Deviation,Success rate,Commonality with CMSA
1.00,5.00,0.90,0.50,0.10,0.00,6,14957.00,5.948412,0.00,80.851064
1.00,5.00,0.90,0.50,0.10,0.25,23,14921.00,5.551935,0.00,78.723404
1.00,5.00,0.90,0.50,0.10,0.50,10,15023.00,5.015393,0.00,78.723404
1.00,5.00,0.90,0.50,0.10,0.75,23,14529.00,4.791568,0.00,80.851064
1.00,5.00,0.90,0.50,0.10,1.00,15,14703.00,4.786715,0.00,72.340426
