Alpha,Beta,Rho,pBest,CMSA probability,Best at iteration,Best length,Deviation,Success rate,Commonality with CMSA
1.00,5.00,0.80,0.05,0.00,81,14422.00,0.813757,10.00,74.468085
1.00,5.00,0.80,0.05,0.25,75,14422.00,0.886701,2.00,76.595745
1.00,5.00,0.80,0.05,0.50,53,14459.00,1.187907,0.00,76.595745
1.00,5.00,0.80,0.05,0.75,79,14422.00,1.185966,2.00,74.468085
1.00,5.00,0.80,0.05,1.00,94,14422.00,1.374428,4.00,74.468085
