Used local search,Alpha,Beta,Rho,pBest,CMSA probability,Best at iteration,Best length,Deviation,Success rate,Commonality with CMSA,Computation time [ms]
false,1.00,5.00,0.80,0.05,0.00,84,14422.00,2.545278,2.00,74.468085,511
false,1.00,5.00,0.80,0.05,0.25,95,14422.00,2.141728,2.00,76.595745,514
false,1.00,5.00,0.80,0.05,0.50,89,14429.00,2.470392,0.00,72.340426,495
false,1.00,5.00,0.80,0.05,0.75,97,14459.00,2.729302,0.00,76.595745,440
false,1.00,5.00,0.80,0.05,1.00,95,14422.00,2.926501,2.00,74.468085,366
