Alpha,Beta,Rho,CMSA probability,Best at iteration,Best length,Deviation,Success rate,Commonality with CMSA
1.00,5.00,0.50,0.00,4,15218.00,5.663986,0.00,72.340426
1.00,5.00,0.50,0.25,16,14957.00,5.361531,0.00,80.851064
1.00,5.00,0.50,0.50,16,14894.00,5.345028,0.00,74.468085
1.00,5.00,0.50,0.75,40,14861.00,4.865899,0.00,72.340426
1.00,5.00,0.50,1.00,13,14717.00,4.492442,0.00,74.468085
